메가스터디,국어,강민철,https://m.megastudy.net/mobile/smart/teacher/qa_clean_list_ax_json.asp?OptVw=false&cat_cd=&ans_yn=&brd_kbn=qnabbs&tec_type=1&tec_cd=megabori&brd_cd=870&brd_tbl=MS_BRD_TEC870&lst_type=&my_qna=0&chr_cd=&lec_cd=&sword=&
메가스터디,국어,김동욱,https://m.megastudy.net/mobile/smart/teacher/qa_clean_list_ax_json.asp?OptVw=false&cat_cd=&ans_yn=&brd_kbn=qnabbs&tec_type=1&tec_cd=megakdw&brd_cd=807&brd_tbl=MS_BRD_TEC807&lst_type=&my_qna=0&chr_cd=&lec_cd=&sword=&
메가스터디,국어,전형태,https://m.megastudy.net/mobile/smart/teacher/qa_clean_list_ax_json.asp?OptVw=false&cat_cd=&ans_yn=&brd_kbn=qnabbs&tec_type=1&tec_cd=youb41&brd_cd=887&brd_tbl=MS_BRD_TEC887&lst_type=&my_qna=0&chr_cd=&lec_cd=&sword=&
메가스터디,국어,엄선경,https://m.megastudy.net/mobile/smart/teacher/qa_clean_list_ax_json.asp?OptVw=false&cat_cd=&ans_yn=&brd_kbn=qnabbs&tec_type=1&tec_cd=kehsck1&brd_cd=537&brd_tbl=MS_BRD_TEC537&lst_type=&my_qna=0&chr_cd=&lec_cd=&sword=&
메가스터디,국어,이원준,https://m.megastudy.net/mobile/smart/teacher/qa_clean_list_ax_json.asp?OptVw=false&cat_cd=&ans_yn=&brd_kbn=qnabbs&tec_type=1&tec_cd=mysig21&brd_cd=636&brd_tbl=MS_BRD_TEC636&lst_type=1&my_qna=0&chr_cd=&lec_cd=&sword=&
메가스터디,국어,최인호,https://m.megastudy.net/mobile/smart/teacher/qa_clean_list_ax_json.asp?OptVw=false&cat_cd=&ans_yn=&brd_kbn=qnabbs&tec_type=1&tec_cd=memgacih&brd_cd=250&brd_tbl=MS_BRD_TEC250&lst_type=1&my_qna=0&chr_cd=&lec_cd=&sword=&
메가스터디,국어,신용선,https://m.megastudy.net/mobile/smart/teacher/qa_clean_list_ax_json.asp?OptVw=false&cat_cd=&ans_yn=&brd_kbn=qnabbs&tec_type=1&tec_cd=sysholic&brd_cd=844&brd_tbl=MS_BRD_TEC844&lst_type=&my_qna=0&chr_cd=&lec_cd=&sword=&
메가스터디,국어,박담,https://m.megastudy.net/mobile/smart/teacher/qa_clean_list_ax_json.asp?OptVw=false&cat_cd=&ans_yn=&brd_kbn=qnabbs&tec_type=1&tec_cd=megapd&brd_cd=689&brd_tbl=MS_BRD_TEC689&lst_type=&my_qna=0&chr_cd=&lec_cd=&sword=&
메가스터디,국어,권성경,https://m.megastudy.net/mobile/smart/teacher/qa_clean_list_ax_json.asp?OptVw=false&cat_cd=&ans_yn=&brd_kbn=qnabbs&tec_type=1&tec_cd=ksk814&brd_cd=715&brd_tbl=MS_BRD_TEC715&lst_type=&my_qna=0&chr_cd=&lec_cd=&sword=&
메가스터디,국어,박리나,https://m.megastudy.net/mobile/smart/teacher/qa_clean_list_ax_json.asp?OptVw=false&cat_cd=&ans_yn=&brd_kbn=qnabbs&tec_type=1&tec_cd=rinassam1108&brd_cd=811&brd_tbl=MS_BRD_TEC811&lst_type=&my_qna=0&chr_cd=&lec_cd=&sword=&
메가스터디,국어,서영우,https://m.megastudy.net/mobile/smart/teacher/qa_clean_list_ax_json.asp?OptVw=false&cat_cd=&ans_yn=&brd_kbn=qnabbs&tec_type=1&tec_cd=yw1122&brd_cd=763&brd_tbl=MS_BRD_TEC763&lst_type=&my_qna=0&chr_cd=&lec_cd=&sword=&
메가스터디,국어,나연진,https://m.megastudy.net/mobile/smart/teacher/qa_clean_list_ax_json.asp?OptVw=false&cat_cd=&ans_yn=&brd_kbn=qnabbs&tec_type=1&tec_cd=jinyssam22&brd_cd=873&brd_tbl=MS_BRD_TEC873&lst_type=&my_qna=0&chr_cd=&lec_cd=&sword=&
메가스터디,국어,권미경,https://m.megastudy.net/mobile/smart/teacher/qa_clean_list_ax_json.asp?OptVw=false&cat_cd=&ans_yn=&brd_kbn=qnabbs&tec_type=1&tec_cd=alrkd94&brd_cd=653&brd_tbl=MS_BRD_TEC653&lst_type=&my_qna=0&chr_cd=&lec_cd=&sword=&
메가스터디,국어,양훈식,https://m.megastudy.net/mobile/smart/teacher/qa_clean_list_ax_json.asp?OptVw=false&cat_cd=&ans_yn=&brd_kbn=qnabbs&tec_type=1&tec_cd=shy3080&brd_cd=746&brd_tbl=MS_BRD_TEC746&lst_type=&my_qna=0&chr_cd=&lec_cd=&sword=&
메가스터디,수학,현우진,https://m.megastudy.net/mobile/smart/teacher/qa_clean_list_ax_json.asp?OptVw=false&cat_cd=&ans_yn=&brd_kbn=qnabbs&tec_type=1&tec_cd=woojinmath&brd_cd=723&brd_tbl=MS_BRD_TEC723&lst_type=1&my_qna=0&chr_cd=&lec_cd=&sword=&
메가스터디,수학,양승진,https://m.megastudy.net/mobile/smart/teacher/qa_clean_list_ax_json.asp?OptVw=false&cat_cd=&ans_yn=&brd_kbn=qnabbs&tec_type=1&tec_cd=bulbaiyang1&brd_cd=662&brd_tbl=MS_BRD_TEC662&lst_type=&my_qna=0&chr_cd=&lec_cd=&sword=&
메가스터디,수학,김성은,https://m.megastudy.net/mobile/smart/teacher/qa_clean_list_ax_json.asp?OptVw=false&cat_cd=&ans_yn=&brd_kbn=qnabbs&tec_type=1&tec_cd=megakse&brd_cd=638&brd_tbl=MS_BRD_TEC638&lst_type=&my_qna=0&chr_cd=&lec_cd=&sword=&
메가스터디,수학,김기현,https://m.megastudy.net/mobile/smart/teacher/qa_clean_list_ax_json.asp?OptVw=false&cat_cd=&ans_yn=&brd_kbn=qnabbs&tec_type=1&tec_cd=kihyun6&brd_cd=860&brd_tbl=MS_BRD_TEC860&lst_type=&my_qna=0&chr_cd=&lec_cd=&sword=&
메가스터디,수학,오르새,https://m.megastudy.net/mobile/smart/teacher/qa_clean_list_ax_json.asp?OptVw=false&cat_cd=&ans_yn=&brd_kbn=qnabbs&tec_type=1&tec_cd=arboramor&brd_cd=675&brd_tbl=MS_BRD_TEC675&lst_type=&my_qna=0&chr_cd=&lec_cd=&sword=&
메가스터디,수학,장영진,https://m.megastudy.net/mobile/smart/teacher/qa_clean_list_ax_json.asp?OptVw=false&cat_cd=&ans_yn=&brd_kbn=qnabbs&tec_type=1&tec_cd=yjjangz&brd_cd=776&brd_tbl=MS_BRD_TEC776&lst_type=&my_qna=0&chr_cd=&lec_cd=&sword=&
메가스터디,수학,이승효,https://m.megastudy.net/mobile/smart/teacher/qa_clean_list_ax_json.asp?OptVw=false&cat_cd=&ans_yn=&brd_kbn=qnabbs&tec_type=1&tec_cd=triptych&brd_cd=899&brd_tbl=MS_BRD_TEC899&lst_type=&my_qna=0&chr_cd=&lec_cd=&sword=&
메가스터디,수학,김종두,https://m.megastudy.net/mobile/smart/teacher/qa_clean_list_ax_json.asp?OptVw=false&cat_cd=&ans_yn=&brd_kbn=qnabbs&tec_type=1&tec_cd=jeidkarl&brd_cd=368&brd_tbl=MS_BRD_TEC368&lst_type=&my_qna=0&chr_cd=&lec_cd=&sword=&
메가스터디,수학,장미리,https://m.megastudy.net/mobile/smart/teacher/qa_clean_list_ax_json.asp?OptVw=false&cat_cd=&ans_yn=&brd_kbn=qnabbs&tec_type=1&tec_cd=missjang93&brd_cd=875&brd_tbl=MS_BRD_TEC875&lst_type=&my_qna=0&chr_cd=&lec_cd=&sword=&
메가스터디,수학,남혜영,https://m.megastudy.net/mobile/smart/teacher/qa_clean_list_ax_json.asp?OptVw=false&cat_cd=&ans_yn=&brd_kbn=qnabbs&tec_type=1&tec_cd=nhy0308&brd_cd=612&brd_tbl=MS_BRD_TEC612&lst_type=&my_qna=0&chr_cd=&lec_cd=&sword=&
메가스터디,수학,하정민,https://m.megastudy.net/mobile/smart/teacher/qa_clean_list_ax_json.asp?OptVw=false&cat_cd=&ans_yn=&brd_kbn=qnabbs&tec_type=1&tec_cd=jungmin8618&brd_cd=837&brd_tbl=MS_BRD_TEC837&lst_type=&my_qna=0&chr_cd=&lec_cd=&sword=&
메가스터디,수학,김재은,https://m.megastudy.net/mobile/smart/teacher/qa_clean_list_ax_json.asp?OptVw=false&cat_cd=&ans_yn=&brd_kbn=qnabbs&tec_type=1&tec_cd=wildspore21&brd_cd=883&brd_tbl=MS_BRD_TEC883&lst_type=&my_qna=0&chr_cd=&lec_cd=&sword=&
메가스터디,수학,이현수,https://m.megastudy.net/mobile/smart/teacher/qa_clean_list_ax_json.asp?OptVw=false&cat_cd=&ans_yn=&brd_kbn=qnabbs&tec_type=1&tec_cd=2hyumsu&brd_cd=753&brd_tbl=MS_BRD_TEC753&lst_type=&my_qna=0&chr_cd=&lec_cd=&sword=&
메가스터디,영어,조정식,https://m.megastudy.net/mobile/smart/teacher/qa_clean_list_ax_json.asp?OptVw=false&cat_cd=&ans_yn=&brd_kbn=qnabbs&tec_type=1&tec_cd=rimbaud666&brd_cd=784&brd_tbl=MS_BRD_TEC784&lst_type=&my_qna=0&chr_cd=&lec_cd=&sword=&
메가스터디,영어,김기훈,https://m.megastudy.net/mobile/smart/teacher/qa_clean_list_ax_json.asp?OptVw=false&cat_cd=&ans_yn=&brd_kbn=qnabbs&tec_type=1&tec_cd=megakkh&brd_cd=28&brd_tbl=MS_BRD_TEC28&lst_type=&my_qna=0&chr_cd=&lec_cd=&sword=&
메가스터디,영어,김기철,https://m.megastudy.net/mobile/smart/teacher/qa_clean_list_ax_json.asp?OptVw=false&cat_cd=&ans_yn=&brd_kbn=qnabbs&tec_type=1&tec_cd=kichery&brd_cd=802&brd_tbl=MS_BRD_TEC802&lst_type=&my_qna=0&chr_cd=&lec_cd=&sword=&
메가스터디,영어,김지영,https://m.megastudy.net/mobile/smart/teacher/qa_clean_list_ax_json.asp?OptVw=false&cat_cd=&ans_yn=&brd_kbn=qnabbs&tec_type=1&tec_cd=sayyeah97&brd_cd=845&brd_tbl=MS_BRD_TEC845&lst_type=&my_qna=0&chr_cd=&lec_cd=&sword=&
메가스터디,영어,김동하,https://m.megastudy.net/mobile/smart/teacher/qa_clean_list_ax_json.asp?OptVw=false&cat_cd=&ans_yn=&brd_kbn=qnabbs&tec_type=1&tec_cd=kimdonghaenglish&brd_cd=864&brd_tbl=MS_BRD_TEC864&lst_type=&my_qna=0&chr_cd=&lec_cd=&sword=&
메가스터디,영어,킹콩,https://m.megastudy.net/mobile/smart/teacher/qa_clean_list_ax_json.asp?OptVw=false&cat_cd=&ans_yn=&brd_kbn=qnabbs&tec_type=1&tec_cd=jumpjive&brd_cd=725&brd_tbl=MS_BRD_TEC725&lst_type=&my_qna=0&chr_cd=&lec_cd=&sword=&
메가스터디,영어,고수현,https://m.megastudy.net/mobile/smart/teacher/qa_clean_list_ax_json.asp?OptVw=false&cat_cd=&ans_yn=&brd_kbn=qnabbs&tec_type=1&tec_cd=suhyuneda3657&brd_cd=868&brd_tbl=MS_BRD_TEC868&lst_type=&my_qna=0&chr_cd=&lec_cd=&sword=&
메가스터디,영어,고정재,https://m.megastudy.net/mobile/smart/teacher/qa_clean_list_ax_json.asp?OptVw=false&cat_cd=&ans_yn=&brd_kbn=qnabbs&tec_type=1&tec_cd=kono001&brd_cd=877&brd_tbl=MS_BRD_TEC877&lst_type=&my_qna=0&chr_cd=&lec_cd=&sword=&
메가스터디,영어,김동영,https://m.megastudy.net/mobile/smart/teacher/qa_clean_list_ax_json.asp?OptVw=false&cat_cd=&ans_yn=&brd_kbn=qnabbs&tec_type=1&tec_cd=secondsense&brd_cd=468&brd_tbl=MS_BRD_TEC468&lst_type=&my_qna=0&chr_cd=&lec_cd=&sword=&
메가스터디,영어,라라,https://m.megastudy.net/mobile/smart/teacher/qa_clean_list_ax_json.asp?OptVw=false&cat_cd=&ans_yn=&brd_kbn=qnabbs&tec_type=1&tec_cd=megalara&brd_cd=813&brd_tbl=MS_BRD_TEC813&lst_type=&my_qna=0&chr_cd=&lec_cd=&sword=&
메가스터디,영어,이정민,https://m.megastudy.net/mobile/smart/teacher/qa_clean_list_ax_json.asp?OptVw=false&cat_cd=&ans_yn=&brd_kbn=qnabbs&tec_type=1&tec_cd=naampian1&brd_cd=529&brd_tbl=MS_BRD_TEC529&lst_type=&my_qna=0&chr_cd=&lec_cd=&sword=&
메가스터디,영어,김엄지,https://m.megastudy.net/mobile/smart/teacher/qa_clean_list_ax_json.asp?OptVw=false&cat_cd=&ans_yn=&brd_kbn=qnabbs&tec_type=1&tec_cd=kimumji1203&brd_cd=840&brd_tbl=MS_BRD_TEC840&lst_type=&my_qna=0&chr_cd=&lec_cd=&sword=&
메가스터디,영어,김범우,https://m.megastudy.net/mobile/smart/teacher/qa_clean_list_ax_json.asp?OptVw=false&cat_cd=&ans_yn=&brd_kbn=qnabbs&tec_type=1&tec_cd=kimbyumwoo3&brd_cd=839&brd_tbl=MS_BRD_TEC839&lst_type=&my_qna=0&chr_cd=&lec_cd=&sword=&
메가스터디,영어,윤재영,https://m.megastudy.net/mobile/smart/teacher/qa_clean_list_ax_json.asp?OptVw=false&cat_cd=&ans_yn=&brd_kbn=qnabbs&tec_type=1&tec_cd=kedric86&brd_cd=815&brd_tbl=MS_BRD_TEC815&lst_type=&my_qna=0&chr_cd=&lec_cd=&sword=&
메가스터디,영어,김선덕,https://m.megastudy.net/mobile/smart/teacher/qa_clean_list_ax_json.asp?OptVw=false&cat_cd=&ans_yn=&brd_kbn=qnabbs&tec_type=1&tec_cd=sunduck0125&brd_cd=855&brd_tbl=MS_BRD_TEC855&lst_type=&my_qna=0&chr_cd=&lec_cd=&sword=&
메가스터디,영어,민우,https://m.megastudy.net/mobile/smart/teacher/qa_clean_list_ax_json.asp?OptVw=false&cat_cd=&ans_yn=&brd_kbn=qnabbs&tec_type=1&tec_cd=itisruud&brd_cd=903&brd_tbl=MS_BRD_TEC903&lst_type=&my_qna=0&chr_cd=&lec_cd=&sword=&
메가스터디,한국사,이다지,https://m.megastudy.net/mobile/smart/teacher/qa_clean_list_ax_json.asp?OptVw=false&cat_cd=&ans_yn=&brd_kbn=qnabbs&tec_type=1&tec_cd=hellohw2&brd_cd=759&brd_tbl=MS_BRD_TEC759&lst_type=&my_qna=0&chr_cd=&lec_cd=&sword=&
메가스터디,한국사,김종웅,https://m.megastudy.net/mobile/smart/teacher/qa_clean_list_ax_json.asp?OptVw=false&cat_cd=&ans_yn=&brd_kbn=qnabbs&tec_type=1&tec_cd=mp1204&brd_cd=846&brd_tbl=MS_BRD_TEC846&lst_type=&my_qna=0&chr_cd=&lec_cd=&sword=&
메가스터디,한국사,고아름,https://m.megastudy.net/mobile/smart/teacher/qa_clean_list_ax_json.asp?OptVw=false&cat_cd=&ans_yn=&brd_kbn=qnabbs&tec_type=1&tec_cd=megaggoarimy&brd_cd=748&brd_tbl=MS_BRD_TEC748&lst_type=&my_qna=0&chr_cd=&lec_cd=&sword=&
메가스터디,한국사,고종훈,https://m.megastudy.net/mobile/smart/teacher/qa_clean_list_ax_json.asp?OptVw=false&cat_cd=&ans_yn=&brd_kbn=qnabbs&tec_type=1&tec_cd=megakjh2&brd_cd=37&brd_tbl=MS_BRD_TEC37&lst_type=&my_qna=0&chr_cd=&lec_cd=&sword=&
메가스터디,사회탐구,김종익,https://m.megastudy.net/mobile/smart/teacher/qa_clean_list_ax_json.asp?OptVw=false&cat_cd=&ans_yn=&brd_kbn=qnabbs&tec_type=1&tec_cd=jjong3307&brd_cd=831&brd_tbl=MS_BRD_TEC831&lst_type=&my_qna=0&chr_cd=&lec_cd=&sword=&
메가스터디,사회탐구,어준규,https://m.megastudy.net/mobile/smart/teacher/qa_clean_list_ax_json.asp?OptVw=false&cat_cd=&ans_yn=&brd_kbn=qnabbs&tec_type=1&tec_cd=djwnsrb&brd_cd=891&brd_tbl=MS_BRD_TEC891&lst_type=&my_qna=0&chr_cd=&lec_cd=&sword=&
메가스터디,사회탐구,강상식,https://m.megastudy.net/mobile/smart/teacher/qa_clean_list_ax_json.asp?OptVw=false&cat_cd=&ans_yn=&brd_kbn=qnabbs&tec_type=1&tec_cd=philkang&brd_cd=782&brd_tbl=MS_BRD_TEC782&lst_type=&my_qna=0&chr_cd=&lec_cd=&sword=&
메가스터디,사회탐구,이기상,https://m.megastudy.net/mobile/smart/teacher/qa_clean_list_ax_json.asp?OptVw=false&cat_cd=&ans_yn=&brd_kbn=qnabbs&tec_type=1&tec_cd=lksbutt&brd_cd=275&brd_tbl=MS_BRD_TEC275&lst_type=&my_qna=0&chr_cd=&lec_cd=&sword=&
메가스터디,사회탐구,민정,https://m.megastudy.net/mobile/smart/teacher/qa_clean_list_ax_json.asp?OptVw=false&cat_cd=&ans_yn=&brd_kbn=qnabbs&tec_type=1&tec_cd=ringmj&brd_cd=862&brd_tbl=MS_BRD_TEC862&lst_type=&my_qna=0&chr_cd=&lec_cd=&sword=&
메가스터디,사회탐구,우영호,https://m.megastudy.net/mobile/smart/teacher/qa_clean_list_ax_json.asp?OptVw=false&cat_cd=&ans_yn=&brd_kbn=qnabbs&tec_type=1&tec_cd=smartwyh&brd_cd=772&brd_tbl=MS_BRD_TEC772&lst_type=&my_qna=0&chr_cd=&lec_cd=&sword=&
메가스터디,사회탐구,최적,https://m.megastudy.net/mobile/smart/teacher/qa_clean_list_ax_json.asp?OptVw=false&cat_cd=&ans_yn=&brd_kbn=qnabbs&tec_type=1&tec_cd=deathology&brd_cd=895&brd_tbl=MS_BRD_TEC895&lst_type=&my_qna=0&chr_cd=&lec_cd=&sword=&
메가스터디,사회탐구,김용택,https://m.megastudy.net/mobile/smart/teacher/qa_clean_list_ax_json.asp?OptVw=false&cat_cd=&ans_yn=&brd_kbn=qnabbs&tec_type=1&tec_cd=hnp42w&brd_cd=595&brd_tbl=MS_BRD_TEC595&lst_type=&my_qna=0&chr_cd=&lec_cd=&sword=&
메가스터디,사회탐구,이용재,https://m.megastudy.net/mobile/smart/teacher/qa_clean_list_ax_json.asp?OptVw=false&cat_cd=&ans_yn=&brd_kbn=qnabbs&tec_type=1&tec_cd=agalma1&brd_cd=664&brd_tbl=MS_BRD_TEC664&lst_type=&my_qna=0&chr_cd=&lec_cd=&sword=&
메가스터디,사회탐구,윤성훈,https://m.megastudy.net/mobile/smart/teacher/qa_clean_list_ax_json.asp?OptVw=false&cat_cd=&ans_yn=&brd_kbn=qnabbs&tec_type=1&tec_cd=kasuwon2&brd_cd=660&brd_tbl=MS_BRD_TEC660&lst_type=&my_qna=0&chr_cd=&lec_cd=&sword=&
메가스터디,사회탐구,손고운,https://m.megastudy.net/mobile/smart/teacher/qa_clean_list_ax_json.asp?OptVw=false&cat_cd=&ans_yn=&brd_kbn=qnabbs&tec_type=1&tec_cd=sunny8714&brd_cd=833&brd_tbl=MS_BRD_TEC833&lst_type=&my_qna=0&chr_cd=&lec_cd=&sword=&
메가스터디,과학탐구,배기범,https://m.megastudy.net/mobile/smart/teacher/qa_clean_list_ax_json.asp?OptVw=false&cat_cd=&ans_yn=&brd_kbn=qnabbs&tec_type=1&tec_cd=goodwill96&brd_cd=856&brd_tbl=MS_BRD_TEC856&lst_type=&my_qna=0&chr_cd=&lec_cd=&sword=&
메가스터디,과학탐구,강민웅,https://m.megastudy.net/mobile/smart/teacher/qa_clean_list_ax_json.asp?OptVw=false&cat_cd=&ans_yn=&brd_kbn=qnabbs&tec_type=1&tec_cd=vudda77&brd_cd=786&brd_tbl=MS_BRD_TEC786&lst_type=&my_qna=0&chr_cd=&lec_cd=&sword=&
메가스터디,과학탐구,손지호,https://m.megastudy.net/mobile/smart/teacher/qa_clean_list_ax_json.asp?OptVw=false&cat_cd=&ans_yn=&brd_kbn=qnabbs&tec_type=1&tec_cd=niente6&brd_cd=896&brd_tbl=MS_BRD_TEC896&lst_type=&my_qna=0&chr_cd=&lec_cd=&sword=&
메가스터디,과학탐구,김성재,https://m.megastudy.net/mobile/smart/teacher/qa_clean_list_ax_json.asp?OptVw=false&cat_cd=&ans_yn=&brd_kbn=qnabbs&tec_type=1&tec_cd=kimsj01&brd_cd=55&brd_tbl=MS_BRD_TEC55&lst_type=&my_qna=0&chr_cd=&lec_cd=&sword=&
메가스터디,과학탐구,고석용,https://m.megastudy.net/mobile/smart/teacher/qa_clean_list_ax_json.asp?OptVw=false&cat_cd=&ans_yn=&brd_kbn=qnabbs&tec_type=1&tec_cd=kodori15th&brd_cd=474&brd_tbl=MS_BRD_TEC474&lst_type=&my_qna=0&chr_cd=&lec_cd=&sword=&
메가스터디,과학탐구,정훈구,https://m.megastudy.net/mobile/smart/teacher/qa_clean_list_ax_json.asp?OptVw=false&cat_cd=&ans_yn=&brd_kbn=qnabbs&tec_type=1&tec_cd=jjungu76&brd_cd=889&brd_tbl=MS_BRD_TEC889&lst_type=&my_qna=0&chr_cd=&lec_cd=&sword=&
메가스터디,과학탐구,정우정,https://m.megastudy.net/mobile/smart/teacher/qa_clean_list_ax_json.asp?OptVw=false&cat_cd=&ans_yn=&brd_kbn=qnabbs&tec_type=1&tec_cd=wjddnwjd81&brd_cd=835&brd_tbl=MS_BRD_TEC835&lst_type=&my_qna=0&chr_cd=&lec_cd=&sword=&
메가스터디,과학탐구,우마리아,https://m.megastudy.net/mobile/smart/teacher/qa_clean_list_ax_json.asp?OptVw=false&cat_cd=&ans_yn=&brd_kbn=qnabbs&tec_type=1&tec_cd=woomaria&brd_cd=901&brd_tbl=MS_BRD_TEC901&lst_type=&my_qna=0&chr_cd=&lec_cd=&sword=&
메가스터디,과학탐구,백호,https://m.megastudy.net/mobile/smart/teacher/qa_clean_list_ax_json.asp?OptVw=false&cat_cd=&ans_yn=&brd_kbn=qnabbs&tec_type=1&tec_cd=bis100&brd_cd=866&brd_tbl=MS_BRD_TEC866&lst_type=&my_qna=0&chr_cd=&lec_cd=&sword=&
메가스터디,과학탐구,한종철,https://m.megastudy.net/mobile/smart/teacher/qa_clean_list_ax_json.asp?OptVw=false&cat_cd=&ans_yn=&brd_kbn=qnabbs&tec_type=1&tec_cd=gkswhdcjf&brd_cd=809&brd_tbl=MS_BRD_TEC809&lst_type=&my_qna=0&chr_cd=&lec_cd=&sword=&
메가스터디,과학탐구,박지향,https://m.megastudy.net/mobile/smart/teacher/qa_clean_list_ax_json.asp?OptVw=false&cat_cd=&ans_yn=&brd_kbn=qnabbs&tec_type=1&tec_cd=pooh8190&brd_cd=223&brd_tbl=MS_BRD_TEC223&lst_type=&my_qna=0&chr_cd=&lec_cd=&sword=&
메가스터디,과학탐구,김희석,https://m.megastudy.net/mobile/smart/teacher/qa_clean_list_ax_json.asp?OptVw=false&cat_cd=&ans_yn=&brd_kbn=qnabbs&tec_type=1&tec_cd=tiebreak11&brd_cd=701&brd_tbl=MS_BRD_TEC701&lst_type=&my_qna=0&chr_cd=&lec_cd=&sword=&
메가스터디,과학탐구,오지훈,https://m.megastudy.net/mobile/smart/teacher/qa_clean_list_ax_json.asp?OptVw=false&cat_cd=&ans_yn=&brd_kbn=qnabbs&tec_type=1&tec_cd=ozscience&brd_cd=858&brd_tbl=MS_BRD_TEC858&lst_type=&my_qna=0&chr_cd=&lec_cd=&sword=&
메가스터디,과학탐구,장풍,https://m.megastudy.net/mobile/smart/teacher/qa_clean_list_ax_json.asp?OptVw=false&cat_cd=&ans_yn=&brd_kbn=qnabbs&tec_type=1&tec_cd=wkdtjdrb&brd_cd=525&brd_tbl=MS_BRD_TEC525&lst_type=&my_qna=0&chr_cd=&lec_cd=&sword=&
메가스터디,과학탐구,엄영대,https://m.megastudy.net/mobile/smart/teacher/qa_clean_list_ax_json.asp?OptVw=false&cat_cd=&ans_yn=&brd_kbn=qnabbs&tec_type=1&tec_cd=hanmaeg&brd_cd=733&brd_tbl=MS_BRD_TEC733&lst_type=&my_qna=0&chr_cd=&lec_cd=&sword=&
메가스터디,과학탐구,박선,https://m.megastudy.net/mobile/smart/teacher/qa_clean_list_ax_json.asp?OptVw=false&cat_cd=&ans_yn=&brd_kbn=qnabbs&tec_type=1&tec_cd=sunpark1207&brd_cd=642&brd_tbl=MS_BRD_TEC642&lst_type=&my_qna=0&chr_cd=&lec_cd=&sword=&
메가스터디,과학탐구,최석영,https://m.megastudy.net/mobile/smart/teacher/qa_clean_list_ax_json.asp?OptVw=false&cat_cd=&ans_yn=&brd_kbn=qnabbs&tec_type=1&tec_cd=qtz153&brd_cd=276&brd_tbl=MS_BRD_TEC276&lst_type=&my_qna=0&chr_cd=&lec_cd=&sword=&
메가스터디,과학탐구,신승환,https://m.megastudy.net/mobile/smart/teacher/qa_clean_list_ax_json.asp?OptVw=false&cat_cd=&ans_yn=&brd_kbn=qnabbs&tec_type=1&tec_cd=gch99709&brd_cd=881&brd_tbl=MS_BRD_TEC881&lst_type=&my_qna=0&chr_cd=&lec_cd=&sword=&
메가스터디,과학탐구,최은정,https://m.megastudy.net/mobile/smart/teacher/qa_clean_list_ax_json.asp?OptVw=false&cat_cd=&ans_yn=&brd_kbn=qnabbs&tec_type=1&tec_cd=sciencequeen&brd_cd=827&brd_tbl=MS_BRD_TEC827&lst_type=&my_qna=0&chr_cd=&lec_cd=&
메가스터디,논술,박기호,https://m.megastudy.net/mobile/smart/teacher/qa_clean_list_ax_json.asp?OptVw=false&cat_cd=&ans_yn=&brd_kbn=qnabbs&tec_type=1&tec_cd=kihopark&brd_cd=622&brd_tbl=MS_BRD_TEC622&lst_type=&my_qna=0&chr_cd=&lec_cd=&sword=&
메가스터디,논술,장진석,https://m.megastudy.net/mobile/smart/teacher/qa_clean_list_ax_json.asp?OptVw=false&cat_cd=&ans_yn=&brd_kbn=qnabbs&tec_type=1&tec_cd=nonchujjs&brd_cd=699&brd_tbl=MS_BRD_TEC699&lst_type=&my_qna=0&chr_cd=&lec_cd=&sword=&
메가스터디,논술,최인호,https://m.megastudy.net/mobile/smart/teacher/qa_clean_list_ax_json.asp?OptVw=false&cat_cd=&ans_yn=&brd_kbn=qnabbs&tec_type=1&tec_cd=memgacih&brd_cd=250&brd_tbl=MS_BRD_TEC250&lst_type=1&my_qna=0&chr_cd=&lec_cd=&sword=&
메가스터디,논술,배기은,https://m.megastudy.net/mobile/smart/teacher/qa_clean_list_ax_json.asp?OptVw=false&cat_cd=&ans_yn=&brd_kbn=qnabbs&tec_type=1&tec_cd=principiabke&brd_cd=761&brd_tbl=MS_BRD_TEC761&lst_type=&my_qna=0&chr_cd=&lec_cd=&sword=&
메가스터디,논술,김지훈,https://m.megastudy.net/mobile/smart/teacher/qa_clean_list_ax_json.asp?OptVw=false&cat_cd=&ans_yn=&brd_kbn=qnabbs&tec_type=1&tec_cd=ergosphere&brd_cd=893&brd_tbl=MS_BRD_TEC893&lst_type=&my_qna=0&chr_cd=&lec_cd=&sword=&
메가스터디,논술,최우택,https://m.megastudy.net/mobile/smart/teacher/qa_clean_list_ax_json.asp?OptVw=false&cat_cd=&ans_yn=&brd_kbn=qnabbs&tec_type=1&tec_cd=nonchangcwt&brd_cd=580&brd_tbl=MS_BRD_TECGRP&lst_type=&my_qna=0&chr_cd=&lec_cd=&sword=&
메가스터디,논술,곽동령,https://m.megastudy.net/mobile/smart/teacher/qa_clean_list_ax_json.asp?OptVw=false&cat_cd=&ans_yn=&brd_kbn=qnabbs&tec_type=1&tec_cd=memgadynocturn&brd_cd=830&brd_tbl=MS_BRD_TEC830&lst_type=&my_qna=0&chr_cd=&lec_cd=&sword=&
메가스터디,제2외국어,이선옥,https://m.megastudy.net/mobile/smart/teacher/qa_clean_list_ax_json.asp?OptVw=false&cat_cd=&ans_yn=&brd_kbn=qnabbs&tec_type=1&tec_cd=nogizzang&brd_cd=698&brd_tbl=MS_BRD_TEC698&lst_type=&my_qna=0&chr_cd=&lec_cd=&sword=&
메가스터디,제2외국어,천예솔,https://m.megastudy.net/mobile/smart/teacher/qa_clean_list_ax_json.asp?OptVw=false&cat_cd=&ans_yn=&brd_kbn=qnabbs&tec_type=1&tec_cd=chunyesol&brd_cd=850&brd_tbl=MS_BRD_TEC850&lst_type=&my_qna=0&chr_cd=&lec_cd=&sword=&
메가스터디,제2외국어,박수진,https://m.megastudy.net/mobile/smart/teacher/qa_clean_list_ax_json.asp?OptVw=false&cat_cd=&ans_yn=&brd_kbn=qnabbs&tec_type=1&tec_cd=21cholic&brd_cd=677&brd_tbl=MS_BRD_TEC677&lst_type=&my_qna=0&chr_cd=&lec_cd=&sword=&
메가스터디,제2외국어,정수린,https://m.megastudy.net/mobile/smart/teacher/qa_clean_list_ax_json.asp?OptVw=false&cat_cd=&ans_yn=&brd_kbn=qnabbs&tec_type=1&tec_cd=jsl9202&brd_cd=851&brd_tbl=MS_BRD_TEC851&lst_type=&my_qna=0&chr_cd=&lec_cd=&sword=&
메가스터디,제2외국어,이윤석,https://m.megastudy.net/mobile/smart/teacher/qa_clean_list_ax_json.asp?OptVw=false&cat_cd=&ans_yn=&brd_kbn=qnabbs&tec_type=1&tec_cd=yoonseok21&brd_cd=503&brd_tbl=MS_BRD_TEC503&lst_type=&my_qna=0&chr_cd=&lec_cd=&sword=&
메가스터디,제2외국어,민병필,https://m.megastudy.net/mobile/smart/teacher/qa_clean_list_ax_json.asp?OptVw=false&cat_cd=&ans_yn=&brd_kbn=qnabbs&tec_type=1&tec_cd=minhur2003&brd_cd=694&brd_tbl=MS_BRD_TEC694&lst_type=&my_qna=0&chr_cd=&lec_cd=&sword=&
메가스터디,제2외국어,홍빛나,https://m.megastudy.net/mobile/smart/teacher/qa_clean_list_ax_json.asp?OptVw=false&cat_cd=&ans_yn=&brd_kbn=qnabbs&tec_type=1&tec_cd=qlcsk9581&brd_cd=817&brd_tbl=MS_BRD_TEC817&lst_type=&my_qna=0&chr_cd=&lec_cd=&sword=&
메가스터디,제2외국어,빠샤,https://m.megastudy.net/mobile/smart/teacher/qa_clean_list_ax_json.asp?OptVw=false&cat_cd=&ans_yn=&brd_kbn=qnabbs&tec_type=1&tec_cd=pashawhite&brd_cd=885&brd_tbl=MS_BRD_TEC885&lst_type=&my_qna=0&chr_cd=&lec_cd=&sword=&
이투스,국어,김민정,https://m.etoos.com/teacher/qna/qna_list.asp?teacher_id=200209&_swipe=Y&t=1683604445398&page=
이투스,국어,신영균,https://m.etoos.com/teacher/qna/qna_list.asp?teacher_id=200248&_swipe=Y&t=1683604445398&page=
이투스,국어,그믐달,https://m.etoos.com/teacher/qna/qna_list.asp?teacher_id=200345&_swipe=Y&t=1683604445398&page=
이투스,국어,방동진,https://m.etoos.com/teacher/qna/qna_list.asp?teacher_id=200238&_swipe=Y&t=1683604445398&page=
이투스,국어,이정훈,https://m.etoos.com/teacher/qna/qna_list.asp?teacher_id=200388&_swipe=Y&t=1683604445398&page=
이투스,국어,박상희,https://m.etoos.com/teacher/qna/qna_list.asp?teacher_id=200384&_swipe=Y&t=1683604445398&page=
이투스,국어,박한신,https://m.etoos.com/teacher/qna/qna_list.asp?teacher_id=200325&_swipe=Y&t=1683604445398&page=
이투스,국어,류신,https://m.etoos.com/teacher/qna/qna_list.asp?teacher_id=200407&_swipe=Y&t=1683604445398&page=
이투스,국어,문덕윤,https://m.etoos.com/teacher/qna/qna_list.asp?teacher_id=200471&_swipe=Y&t=1683604445398&page=
이투스,국어,정온,https://m.etoos.com/teacher/qna/qna_list.asp?teacher_id=200457&_swipe=Y&t=1683604445398&page=
이투스,국어,류여진,https://m.etoos.com/teacher/qna/qna_list.asp?teacher_id=200406&_swipe=Y&t=1683604445398&page=
이투스,국어,한예지,https://m.etoos.com/teacher/qna/qna_list.asp?teacher_id=200408&_swipe=Y&t=1683604445398&page=
이투스,국어,김금진,https://m.etoos.com/teacher/qna/qna_list.asp?teacher_id=200410&_swipe=Y&t=1683604445398&page=
이투스,국어,임수현,https://m.etoos.com/teacher/qna/qna_list.asp?teacher_id=200449&_swipe=Y&t=1683604445398&page=
이투스,영어,주혜연,https://m.etoos.com/teacher/qna/qna_list.asp?teacher_id=200439&_swipe=Y&t=1683604445398&page=
이투스,영어,김범구,https://m.etoos.com/teacher/qna/qna_list.asp?teacher_id=200481&_swipe=Y&t=1683604445398&page=
이투스,영어,강원우,https://m.etoos.com/teacher/qna/qna_list.asp?teacher_id=200245&_swipe=Y&t=1683604445398&page=
이투스,영어,전홍철,https://m.etoos.com/teacher/qna/qna_list.asp?teacher_id=200427&_swipe=Y&t=1683604445398&page=
이투스,영어,그레이스,https://m.etoos.com/teacher/qna/qna_list.asp?teacher_id=200331&_swipe=Y&t=1683604445398&page=
이투스,영어,권조이,https://m.etoos.com/teacher/qna/qna_list.asp?teacher_id=200411&_swipe=Y&t=1683604445398&page=
이투스,영어,정지안,https://m.etoos.com/teacher/qna/qna_list.asp?teacher_id=200385&_swipe=Y&t=1683604445398&page=
이투스,영어,윤훈관,https://m.etoos.com/teacher/qna/qna_list.asp?teacher_id=200386&_swipe=Y&t=1683604445398&page=
이투스,영어,서현아,https://m.etoos.com/teacher/qna/qna_list.asp?teacher_id=200294&_swipe=Y&t=1683604445398&page=
이투스,영어,최원규,https://m.etoos.com/teacher/qna/qna_list.asp?teacher_id=000109&_swipe=Y&t=1683604445398&page=
이투스,영어,이림,https://m.etoos.com/teacher/qna/qna_list.asp?teacher_id=200487&_swipe=Y&t=1683604445398&page=
이투스,영어,김형률,https://m.etoos.com/teacher/qna/qna_list.asp?teacher_id=200461&_swipe=Y&t=1683604445398&page=
이투스,영어,유영태,https://m.etoos.com/teacher/qna/qna_list.asp?teacher_id=200375&_swipe=Y&t=1683604445398&page=
이투스,수학,정승제,https://m.etoos.com/teacher/qna/qna_list.asp?teacher_id=200180&_swipe=Y&t=1683604445398&page=
이투스,수학,강윤구,https://m.etoos.com/teacher/qna/qna_list.asp?teacher_id=200462&_swipe=Y&t=1683604445398&page=
이투스,수학,한정윤,https://m.etoos.com/teacher/qna/qna_list.asp?teacher_id=200429&_swipe=Y&t=1683604445398&page=
이투스,수학,이하영,https://m.etoos.com/teacher/qna/qna_list.asp?teacher_id=200428&_swipe=Y&t=1683604445398&page=
이투스,수학,차현우,https://m.etoos.com/teacher/qna/qna_list.asp?teacher_id=200424&_swipe=Y&t=1683604445398&page=
이투스,수학,이주영,https://m.etoos.com/teacher/qna/qna_list.asp?teacher_id=200296&_swipe=Y&t=1683604445398&page=
이투스,수학,김동환,https://m.etoos.com/teacher/qna/qna_list.asp?teacher_id=200480&_swipe=Y&t=1683604445398&page=
이투스,수학,정현경,https://m.etoos.com/teacher/qna/qna_list.asp?teacher_id=200368&_swipe=Y&t=1683604445398&page=
이투스,수학,고정민,https://m.etoos.com/teacher/qna/qna_list.asp?teacher_id=200423&_swipe=Y&t=1683604445398&page=
이투스,수학,남궁율,https://m.etoos.com/teacher/qna/qna_list.asp?teacher_id=200394&_swipe=Y&t=1683604445398&page=
이투스,수학,박하나,https://m.etoos.com/teacher/qna/qna_list.asp?teacher_id=200409&_swipe=Y&t=1683604445398&page=
이투스,수학,김예림,https://m.etoos.com/teacher/qna/qna_list.asp?teacher_id=200416&_swipe=Y&t=1683604445398&page=
이투스,수학,이아영,https://m.etoos.com/teacher/qna/qna_list.asp?teacher_id=200466&_swipe=Y&t=1683604445398&page=
이투스,사회탐구,이지영,https://m.etoos.com/teacher/qna/qna_list.asp?teacher_id=200391&_swipe=Y&t=1683604445398&page=
이투스,사회탐구,김현수,https://m.etoos.com/teacher/qna/qna_list.asp?teacher_id=200482&_swipe=Y&t=1683604445398&page=
이투스,사회탐구,강태홍,https://m.etoos.com/teacher/qna/qna_list.asp?teacher_id=200130&_swipe=Y&t=1683604445398&page=
이투스,사회탐구,장진민,https://m.etoos.com/teacher/qna/qna_list.asp?teacher_id=200390&_swipe=Y&t=1683604445398&page=
이투스,사회탐구,이남승,https://m.etoos.com/teacher/qna/qna_list.asp?teacher_id=200322&_swipe=Y&t=1683604445398&page=
이투스,사회탐구,이도,https://m.etoos.com/teacher/qna/qna_list.asp?teacher_id=200484&_swipe=Y&t=1683604445398&page=
이투스,사회탐구,황수현,https://m.etoos.com/teacher/qna/qna_list.asp?teacher_id=200362&_swipe=Y&t=1683604445398&page=
이투스,사회탐구,박윤석,https://m.etoos.com/teacher/qna/qna_list.asp?teacher_id=200389&_swipe=Y&t=1683604445398&page=
이투스,사회탐구,김준창,https://m.etoos.com/teacher/qna/qna_list.asp?teacher_id=200417&_swipe=Y&t=1683604445398&page=
이투스,사회탐구,양희진,https://m.etoos.com/teacher/qna/qna_list.asp?teacher_id=200440&_swipe=Y&t=1683604445398&page=
이투스,과학탐구,이규철,https://m.etoos.com/teacher/qna/qna_list.asp?teacher_id=200483&_swipe=Y&t=1683604445398&page=
이투스,과학탐구,서진석,https://m.etoos.com/teacher/qna/qna_list.asp?teacher_id=200167&_swipe=Y&t=1683604445398&page=
이투스,과학탐구,박정호,https://m.etoos.com/teacher/qna/qna_list.asp?teacher_id=200430&_swipe=Y&t=1683604445398&page=
이투스,과학탐구,안성진,https://m.etoos.com/teacher/qna/qna_list.asp?teacher_id=200431&_swipe=Y&t=1683604445398&page=
이투스,과학탐구,최선묵,https://m.etoos.com/teacher/qna/qna_list.asp?teacher_id=200433&_swipe=Y&t=1683604445398&page=
이투스,과학탐구,홍인왕,https://m.etoos.com/teacher/qna/qna_list.asp?teacher_id=200393&_swipe=Y&t=1683604445398&page=
이투스,과학탐구,박상현,https://m.etoos.com/teacher/qna/qna_list.asp?teacher_id=200382&_swipe=Y&t=1683604445398&page=
이투스,과학탐구,김수진,https://m.etoos.com/teacher/qna/qna_list.asp?teacher_id=200413&_swipe=Y&t=1683604445398&page=
이투스,과학탐구,곽승훈,https://m.etoos.com/teacher/qna/qna_list.asp?teacher_id=200380&_swipe=Y&t=1683604445398&page=
이투스,과학탐구,양진석,https://m.etoos.com/teacher/qna/qna_list.asp?teacher_id=200432&_swipe=Y&t=1683604445398&page=
이투스,과학탐구,손경호,https://m.etoos.com/teacher/qna/qna_list.asp?teacher_id=200378&_swipe=Y&t=1683604445398&page=
이투스,과학탐구,박기웅,https://m.etoos.com/teacher/qna/qna_list.asp?teacher_id=200438&_swipe=Y&t=1683604445398&page=
이투스,과학탐구,박장원,https://m.etoos.com/teacher/qna/qna_list.asp?teacher_id=200414&_swipe=Y&t=1683604445398&page=
이투스,과학탐구,박선오,https://m.etoos.com/teacher/qna/qna_list.asp?teacher_id=200381&_swipe=Y&t=1683604445398&page=
이투스,과학탐구,이승후,https://m.etoos.com/teacher/qna/qna_list.asp?teacher_id=200490&_swipe=Y&t=1683604445398&page=
이투스,한국사,최태성,https://m.etoos.com/teacher/qna/qna_list.asp?teacher_id=200340&_swipe=Y&t=1683604445398&page=
이투스,논술,최은식,https://m.etoos.com/teacher/qna/qna_list.asp?teacher_id=200371&_swipe=Y&t=1683604445398&page=
대성마이맥,국어,유대종,1028
대성마이맥,국어,김승리,925
대성마이맥,국어,김상훈,180
대성마이맥,국어,정석민,1034
대성마이맥,국어,김젬마,970
대성마이맥,국어,김민경,947
대성마이맥,국어,김민준,1051
대성마이맥,국어,민표당,1019
대성마이맥,수학,배성민,924
대성마이맥,수학,한석원,278
대성마이맥,수학,이미지,998
대성마이맥,수학,정상모,969
대성마이맥,수학,정병호,1029
대성마이맥,수학,이창무,262
대성마이맥,수학,차영진,990
대성마이맥,수학,정병훈,1030
대성마이맥,수학,김경한,923
대성마이맥,수학,안성현,963
대성마이맥,수학,주예지,1049
대성마이맥,영어,이명학,531
대성마이맥,영어,션티,983
대성마이맥,영어,이영수,926
대성마이맥,영어,은선진,503
대성마이맥,영어,하지웅,922
대성마이맥,영어,아이린,1050
대성마이맥,영어,신미경,1026
대성마이맥,사회탐구,임정환,359
대성마이맥,사회탐구,배인영,362
대성마이맥,사회탐구,이형수,936
대성마이맥,사회탐구,권용기,360
대성마이맥,사회탐구,한세희,1053
대성마이맥,사회탐구,전성오,960
대성마이맥,사회탐구,최여름,987
대성마이맥,사회탐구,민준호,989
대성마이맥,사회탐구,혁명,995
대성마이맥,사회탐구,최성주,986
대성마이맥,과학탐구,방인혁,972
대성마이맥,과학탐구,안철우,455
대성마이맥,과학탐구,김준,1016
대성마이맥,과학탐구,장성문,1001
대성마이맥,과학탐구,정수민,921
대성마이맥,과학탐구,박선우,1052
대성마이맥,과학탐구,이훈식,938
대성마이맥,과학탐구,김지혁,449
대성마이맥,과학탐구,정성태,1018
대성마이맥,과학탐구,남궁원,1038
대성마이맥,제2외국어,지은경,937
대성마이맥,제3외국어,신승,965
대성마이맥,제4외국어,리하이,978
대성마이맥,제5외국어,유기태,962
대성마이맥,제6외국어,이아영,912
대성마이맥,논술,박성환,941
대성마이맥,논술,신재호,629
대성마이맥,논술,유제승,976
대성마이맥,논술,신한종,1031
대성마이맥,논술,이상인,1032
대성마이맥,논술,홍창우,1033
대성마이맥,논술,정재,973
대성마이맥,논술,정지윤,691
대성마이맥,논술,김보경,608
